# test data for local development

insert into movie(id, primary_title, original_title, start_year, end_year, runtime_minutes, created_at_in_utc, modified_at_in_utc, movie_genre, movie_type, imdb_rating, imdb_rating_count, adult, rating, rating_count, description, image_url_token)
values(2872718,'Nightcrawler','Nightcrawler',2014,null,117,'2023-07-31 06:07:12','2023-07-31 06:07:12',16409,1,7.8,528339,0,null,0,'When Lou Bloom, desperate for work, muscles into the world of L.A. crime journalism, he blurs the line between observer and participant to become the star of his own story. Aiding him in his effort is Nina, a TV-news veteran.','9BGAIYNfdY90aIkV66dIJ6Olee7JGn');
insert into movie(id, primary_title, original_title, start_year, end_year, runtime_minutes, created_at_in_utc, modified_at_in_utc, movie_genre, movie_type, imdb_rating, imdb_rating_count, adult, rating, rating_count, description, image_url_token)
values(99348, 'Dances with Wolves', 'Dances with Wolves', 1990, NULL, 181, '2024-03-30 19:05:59', '2024-03-30 19:05:59', 16673, 1, 8.0, 261990, 0, NULL, 0, 'Wounded Civil War soldier, John Dunbar tries to commit suicide—and becomes a hero instead. As a reward, he''s assigned to his dream post, a remote junction on the Western frontier, and soon makes unlikely friends with the local Sioux tribe.', 'vviPMlGImqliPsQSfNHMjodNyfqCip');
insert into movie(id, primary_title, original_title, start_year, end_year, runtime_minutes, created_at_in_utc, modified_at_in_utc, movie_genre, movie_type, imdb_rating, imdb_rating_count, adult, rating, rating_count, description, image_url_token)
values(107290, 'Jurassic Park', 'Jurassic Park', 1993, NULL, 127, '2024-03-30 19:05:59', '2024-03-30 19:05:59', 8577, 1, 8.2, 958694, 0, NULL, 0, 'A wealthy entrepreneur secretly creates a theme park featuring living dinosaurs drawn from prehistoric DNA. Before opening day, he invites a team of experts and his two eager grandchildren to experience the park and help calm anxious investors. However, the park is anything but amusing as the security systems go off-line and the dinosaurs escape.', 'XFszo4K1Dx46CICcWWIsRDylBBdoIG');
insert into movie(id, primary_title, original_title, start_year, end_year, runtime_minutes, created_at_in_utc, modified_at_in_utc, movie_genre, movie_type, imdb_rating, imdb_rating_count, adult, rating, rating_count, description, image_url_token)
values(109830, 'Forrest Gump', 'Forrest Gump', 1994, NULL, 142, '2024-03-30 19:05:59', '2024-03-30 19:05:59', 49153, 1, 8.8, 2010325, 0, NULL, 0, 'A man with a low IQ has accomplished great things in his life and been present during significant historic events—in each case, far exceeding what anyone imagined he could do. But despite all he has achieved, his one true love eludes him.', 'GMhJaADtgT6sWNFwTckJoRlEwzUXVL');
insert into movie(id, primary_title, original_title, start_year, end_year, runtime_minutes, created_at_in_utc, modified_at_in_utc, movie_genre, movie_type, imdb_rating, imdb_rating_count, adult, rating, rating_count, description, image_url_token)
values(112573, 'Braveheart', 'Braveheart', 1995, NULL, 178, '2024-03-30 19:05:59', '2024-03-30 19:05:59', 409601, 1, 8.4, 1020751, 0, NULL, 0, 'Enraged at the slaughter of Murron, his new bride and childhood love, Scottish warrior William Wallace slays a platoon of the local English lord''s soldiers. This leads the village to revolt and, eventually, the entire country to rise up against English rule.', 'kp1LDdvQp7O826hLJPRaKINZwnzNo5');
insert into movie(id, primary_title, original_title, start_year, end_year, runtime_minutes, created_at_in_utc, modified_at_in_utc, movie_genre, movie_type, imdb_rating, imdb_rating_count, adult, rating, rating_count, description, image_url_token)
values(113497, 'Jumanji', 'Jumanji', 1995, NULL, 104, '2024-03-30 19:05:59', '2024-03-30 19:05:59', 1793, 1, 7.0, 338629, 0, NULL, 0, 'When siblings Judy and Peter discover an enchanted board game that opens the door to a magical world, they unwittingly invite Alan -- an adult who''s been trapped inside the game for 26 years -- into their living room. Alan''s only hope for freedom is to finish the game, which proves risky as all three find themselves running from giant rhinoceroses, evil monkeys and other terrifying creatures.', 'Ytfkf2FbKoMSM9H3SF0SYbvNiOuNU8');
insert into movie(id, primary_title, original_title, start_year, end_year, runtime_minutes, created_at_in_utc, modified_at_in_utc, movie_genre, movie_type, imdb_rating, imdb_rating_count, adult, rating, rating_count, description, image_url_token)
values(119116, 'The Fifth Element', 'The Fifth Element', 1997, NULL, 126, '2024-03-30 19:05:59', '2024-03-30 19:05:59', 8577, 1, 7.6, 466620, 0, NULL, 0, 'In 2257, a taxi driver is unintentionally given the task of saving a young girl who is part of the key that will ensure the survival of humanity.', 'acHu5vvpRpyzfvzNbUQtdab6D2L4WF');
insert into movie(id, primary_title, original_title, start_year, end_year, runtime_minutes, created_at_in_utc, modified_at_in_utc, movie_genre, movie_type, imdb_rating, imdb_rating_count, adult, rating, rating_count, description, image_url_token)
values(119217, 'Good Will Hunting', 'Good Will Hunting', 1997, NULL, 126, '2024-03-30 19:05:59', '2024-03-30 19:05:59', 49153, 1, 8.3, 942829, 0, NULL, 0, 'Will Hunting has a genius-level IQ but chooses to work as a janitor at MIT. When he solves a difficult graduate-level math problem, his talents are discovered by Professor Gerald Lambeau, who decides to help the misguided youth reach his potential. When Will is arrested for attacking a police officer, Professor Lambeau makes a deal to get leniency for him if he will get treatment from therapist Sean Maguire.', 'bdtSw7hcj3uelSR4KjpbIROWnDPver');
insert into movie(id, primary_title, original_title, start_year, end_year, runtime_minutes, created_at_in_utc, modified_at_in_utc, movie_genre, movie_type, imdb_rating, imdb_rating_count, adult, rating, rating_count, description, image_url_token)
values(120382, 'The Truman Show', 'The Truman Show', 1998, NULL, 103, '2024-03-30 19:05:59', '2024-03-30 19:05:59', 17409, 1, 8.2, 1044729, 0, NULL, 0, 'Truman Burbank is the star of The Truman Show, a 24-hour-a-day reality TV show that broadcasts every aspect of his life without his knowledge. His entire life has been an unending soap opera for consumption by the rest of the world. And everyone he knows, including his wife and his best friend is really an actor, paid to be part of his life.', 'DjDROnwbTUjH5Rh3qqZhXD3eSVeaDe');
insert into movie(id, primary_title, original_title, start_year, end_year, runtime_minutes, created_at_in_utc, modified_at_in_utc, movie_genre, movie_type, imdb_rating, imdb_rating_count, adult, rating, rating_count, description, image_url_token)
values(120689, 'The Green Mile', 'The Green Mile', 1999, NULL, 189, '2024-03-30 19:05:59', '2024-03-30 19:05:59', 20497, 1, 8.6, 1264986, 0, NULL, 0, 'A supernatural tale set on death row in a Southern prison, where gentle giant John Coffey possesses the mysterious power to heal people''s ailments. When the cell block''s head guard, Paul Edgecomb, recognizes Coffey''s miraculous gift, he tries desperately to help stave off the condemned man''s execution.', '2ObxIPGNeyjTASgQ2Hy9m39cnwbOhM');
insert into movie(id, primary_title, original_title, start_year, end_year, runtime_minutes, created_at_in_utc, modified_at_in_utc, movie_genre, movie_type, imdb_rating, imdb_rating_count, adult, rating, rating_count, description, image_url_token)
values(120737, 'The Lord of the Rings: The Fellowship of the Ring', 'The Lord of the Rings: The Fellowship of the Ring', 2001, NULL, 178, '2024-03-30 19:05:59', '2024-03-30 19:05:59', 16769, 1, 8.8, 1808014, 0, NULL, 0, 'Young hobbit Frodo Baggins, after inheriting a mysterious ring from his uncle Bilbo, must leave his home in order to keep it from falling into the hands of its evil creator. Along the way, a fellowship is formed to protect the ringbearer and make sure that the ring arrives at its final destination: Mt. Doom, the only place where it can be destroyed.', 'L5Yz2AL93WrclurlAx2BicKL2wAsDs');
insert into movie(id, primary_title, original_title, start_year, end_year, runtime_minutes, created_at_in_utc, modified_at_in_utc, movie_genre, movie_type, imdb_rating, imdb_rating_count, adult, rating, rating_count, description, image_url_token)
values(162222, 'Cast Away', 'Cast Away', 2000, NULL, 143, '2024-03-30 19:05:59', '2024-03-30 19:05:59', 49409, 1, 7.8, 579208, 0, NULL, 0, 'Chuck Nolan, a top international manager for FedEx, and Kelly, a Ph.D. student, are in love and heading towards marriage. Then Chuck''s plane to Malaysia crashes at sea during a terrible storm. He''s the only survivor, and finds himself marooned on a desolate island. With no way to escape, Chuck must find ways to survive in his new home.', 'eXFkN9Iy0TzgjkMhVVrPeNYVX6eveo');
insert into movie(id, primary_title, original_title, start_year, end_year, runtime_minutes, created_at_in_utc, modified_at_in_utc, movie_genre, movie_type, imdb_rating, imdb_rating_count, adult, rating, rating_count, description, image_url_token)
values(469494, 'There Will Be Blood', 'There Will Be Blood', 2007, NULL, 158, '2024-03-30 19:05:59', '2024-03-30 19:05:59', 16385, 1, 8.2, 573323, 0, NULL, 0, 'Ruthless silver miner, turned oil prospector, Daniel Plainview, moves to oil-rich California. Using his son to project a trustworthy, family-man image, Plainview cons local landowners into selling him their valuable properties for a pittance. However, local preacher Eli Sunday suspects Plainview''s motives and intentions, starting a slow-burning feud that threatens both their lives.', 'cIykXRDhgRNUxmcYWd9MjA07W2QXG9');
insert into movie(id, primary_title, original_title, start_year, end_year, runtime_minutes, created_at_in_utc, modified_at_in_utc, movie_genre, movie_type, imdb_rating, imdb_rating_count, adult, rating, rating_count, description, image_url_token)
values(816692, 'Interstellar', 'Interstellar', 2014, NULL, 169, '2024-03-30 19:05:59', '2024-03-30 19:05:59', 24833, 1, 8.6, 1744519, 0, NULL, 0, 'The adventures of a group of explorers who make use of a newly discovered wormhole to surpass the limitations on human space travel and conquer the vast distances involved in an interstellar voyage.', 'HcFe5cZFGVUivYvn4HiCyXo4uSDonI');
insert into movie(id, primary_title, original_title, start_year, end_year, runtime_minutes, created_at_in_utc, modified_at_in_utc, movie_genre, movie_type, imdb_rating, imdb_rating_count, adult, rating, rating_count, description, image_url_token)
values(942385, 'Tropic Thunder', 'Tropic Thunder', 2008, NULL, 107, '2024-03-30 19:05:59', '2024-03-30 19:05:59', 1217, 1, 7.0, 408384, 0, NULL, 0, 'Ben Stiller, Jack Black and Robert Downey Jr. lead an ensemble cast in ''Tropic Thunder,'' an action comedy about a group of self-absorbed actors who set out to make the most expensive war film. After ballooning costs force the studio to cancel the movie, the frustrated director refuses to stop shooting, leading his cast into the jungles of Southeast Asia, where they encounter real bad guys.', 'fQGsfDj3Bkt7Uzen76LFi2aFd9GGPw');
insert into movie(id, primary_title, original_title, start_year, end_year, runtime_minutes, created_at_in_utc, modified_at_in_utc, movie_genre, movie_type, imdb_rating, imdb_rating_count, adult, rating, rating_count, description, image_url_token)
values(1201607, 'Harry Potter and the Deathly Hallows: Part 2', 'Harry Potter and the Deathly Hallows: Part 2', 2011, NULL, 130, '2024-03-30 19:05:59', '2024-03-30 19:05:59', 4355, 1, 8.1, 851842, 0, NULL, 0, 'Harry, Ron and Hermione continue their quest to vanquish the evil Voldemort once and for all. Just as things begin to look hopeless for the young wizards, Harry discovers a trio of magical objects that endow him with powers to rival Voldemort''s formidable skills.', 'xyY8UzGYRa8DPljn7kTtAZu1ovM6it');
insert into movie(id, primary_title, original_title, start_year, end_year, runtime_minutes, created_at_in_utc, modified_at_in_utc, movie_genre, movie_type, imdb_rating, imdb_rating_count, adult, rating, rating_count, description, image_url_token)
values(1298649, 'The Watch', 'The Watch', 2012, NULL, 102, '2024-03-30 19:05:59', '2024-03-30 19:05:59', 9217, 1, 5.7, 127154, 0, NULL, 0, 'Four everyday suburban guys come together as an excuse to escape their humdrum lives one night a week. But when they accidentally discover that their town has become overrun with aliens posing as ordinary suburbanites, they have no choice but to save their neighborhood - and the world - from total extermination.', '0ckteLCCRMw42ww2y7uD8gomOWEnFy');
insert into movie(id, primary_title, original_title, start_year, end_year, runtime_minutes, created_at_in_utc, modified_at_in_utc, movie_genre, movie_type, imdb_rating, imdb_rating_count, adult, rating, rating_count, description, image_url_token)
values(1392190, 'Mad Max: Fury Road', 'Mad Max: Fury Road', 2015, NULL, 120, '2024-03-30 19:05:59', '2024-03-30 19:05:59', 8577, 1, 8.1, 975227, 0, NULL, 0, 'An apocalyptic story set in the furthest reaches of our planet, in a stark desert landscape where humanity is broken, and most everyone is crazed fighting for the necessities of life. Within this world exist two rebels on the run who just might be able to restore order.', 'XZibrHddPi9xqHk4jI0iUoByiCkOc1');
insert into movie(id, primary_title, original_title, start_year, end_year, runtime_minutes, created_at_in_utc, modified_at_in_utc, movie_genre, movie_type, imdb_rating, imdb_rating_count, adult, rating, rating_count, description, image_url_token)
values(1457767, 'The Conjuring', 'The Conjuring', 2013, NULL, 112, '2024-03-30 19:05:59', '2024-03-30 19:05:59', 15, 1, 7.5, 493920, 0, NULL, 0, 'Paranormal investigators Ed and Lorraine Warren work to help a family terrorized by a dark presence in their farmhouse. Forced to confront a powerful entity, the Warrens find themselves caught in the most terrifying case of their lives.', 'DoamaWHqAaGNIJVf4RuS1ORnTA1yzb');
insert into movie(id, primary_title, original_title, start_year, end_year, runtime_minutes, created_at_in_utc, modified_at_in_utc, movie_genre, movie_type, imdb_rating, imdb_rating_count, adult, rating, rating_count, description, image_url_token)
values(3235888, 'It Follows', 'It Follows', 2014, NULL, 100, '2024-03-30 19:05:59', '2024-03-30 19:05:59', 15, 1, 6.8, 235138, 0, NULL, 0, 'When carefree teenager Jay sleeps with her older boyfriend for the first time, she learns that she is the latest recipient of a fatal curse that is passed from victim to victim via sexual intercourse. Death, Jay learns, will creep inexorably toward her as either a friend or a stranger. Jay''s friends don''t believe her seemingly paranoid ravings, until they too begin to see the phantom assassins and band together to help her defend herself.', 'RAkRPjw3JLR1VIlMwmXMkezl4MFSe2');
insert into movie(id, primary_title, original_title, start_year, end_year, runtime_minutes, created_at_in_utc, modified_at_in_utc, movie_genre, movie_type, imdb_rating, imdb_rating_count, adult, rating, rating_count, description, image_url_token)
values(5606664, 'Doctor Sleep', 'Doctor Sleep', 2019, NULL, 152, '2024-03-30 19:05:59', '2024-03-30 19:05:59', 20483, 1, 7.3, 185596, 0, NULL, 0, 'Still irrevocably scarred by the trauma he endured as a child at the Overlook, Dan Torrance has fought to find some semblance of peace. But that peace is shattered when he encounters Abra, a courageous teenager with her own powerful extrasensory gift, known as the ''shine''. Instinctively recognising that Dan shares her power, Abra has sought him out, desperate for his help against the merciless Rose the Hat and her followers.', '88BNOZyP06fSHIBDq8aKlSnrXfqlF8');

insert into account(id,username,email,password,first_name,last_name,bio,phone,birthday,locked,enabled)
values(1,'les_grossman','tom.cruise@gmail.com','$2a$10$hjtGB7lxHBkTL51MEEsA/Oap2frjDpunlH/njP4xvuiV06RiCWKeW','Tom','Cruise','I will massacre you!','491628264723', '1962-07-03 00:00:00',false,true);
insert into account(id,username,email,password,first_name,last_name,bio,phone,birthday,locked,enabled)
values(2,'jeff_portnoy','jack.black@gmail.com','$2a$10$hjtGB7lxHBkTL51MEEsA/Oap2frjDpunlH/njP4xvuiV06RiCWKeW','jack','black','You go, girl!','4915122973088', '1969-08-28 00:00:00',false,true);

insert into account_roles(account_id, roles_id)
values(1, 1);
insert into account_roles(account_id, roles_id)
values(1, 2);
insert into account_roles(account_id, roles_id)
values(2, 2);

insert into verification_token(id, account_id, verification_type, token, expiry_date_in_utc, confirmed_at_in_utc)
values(1, 1, 'EMAIL_CONFIRMATION', '7386f94d-a54d-4d7a-aa65-201a43536198', now(), date_add(now(), interval 1 hour));
insert into verification_token(id, account_id, verification_type, token, expiry_date_in_utc, confirmed_at_in_utc)
values(2, 2, 'EMAIL_CONFIRMATION', '7711fb83-9dd7-47f2-81b3-ce105e993efd', now(), date_add(now(), interval 1 hour));

insert into rating(movie_id, account_id, rating)
values(120382, 1, 9.5);
insert into rating(movie_id, account_id, rating)
values(119116, 1, 8.5);
insert into rating(movie_id, account_id, rating)
values(120382, 2, 7.7);

insert into watched_movie(movie_id, account_id)
values(120382,1);
insert into watched_movie(movie_id, account_id)
values(119116,1);
insert into watched_movie(movie_id, account_id)
values(120382,2);

insert into movie_db.comment(id, movie_id, account_id, message)
values(1, 120382, 1, 'What an outrageous cast!');
insert into movie_db.comment(id, movie_id, account_id, message)
values(2, 119116, 1, 'This is my most favorite movie');
insert into movie_db.comment(id, movie_id, account_id, message)
values(3, 120382, 2, 'I love this movie!');
